Timestamp,X_angle,y_angle,z_angle,Camera 1 Pitch,Camera 2 Pitch,Camera 3 Pitch,Camera 4 Pitch,Camera 1 Yaw,Camera 2 Yaw,Camera 3 Yaw,Camera 4 Yaw,gyro_x,gyro_y,gyro_z,temperature,pressure
2025-01-16 14:47:18,0,0,0,0,0,0,0,0,-0.46336410893739366,1.321293341094289,0.22991797791182686,5242.88,2048.0
2025-01-16 14:47:19,0,0,0,0,0,0,0,0,-0.44998272109578363,1.3533314715996827,0.3153101035292838,5242.88,2048.0
2025-01-16 14:47:19,0,0,0,0,0,0,0,0,-0.4396232400413758,1.352729440354196,0.3118001477772969,5242.88,2048.0
2025-01-16 14:47:19,0,0,0,0,0,0,0,0,-0.44889359168424664,1.349044266784451,0.3221457766940592,5242.88,2048.0
2025-01-16 14:47:19,0,0,0,0,0,0,0,0,-0.45609419502375503,1.332790579304427,0.28751380510912766,5242.88,2048.0
2025-01-16 14:47:19,0,0,0,0,0,0,0,0,-0.4607050857107221,1.314337568010069,0.29876702397834426,5242.88,2048.0
2025-01-16 14:47:19,0,0,0,0,0,0,0,0,-0.4734323892520659,1.3102082130927029,0.6484286325760488,5242.88,2048.0
2025-01-16 14:47:19,0,0,0,0,0,0,0,0,-0.4770476355079552,1.3107982011969623,0.6370180115808985,5242.88,2048.0
2025-01-16 14:47:20,0,0,0,0,0,0,0,0,-0.4363729838742632,1.3030739284107562,0.6801929251110299,5242.88,2048.0
2025-01-16 14:47:20,0,0,0,0,0,0,0,0,-0.47244677398041796,1.3157829608625895,0.6465213702835219,5242.88,2048.0
2025-01-16 14:47:20,0,0,0,0,0,0,0,0,-0.4370712947845539,1.311494655863915,0.6196860565666044,5242.88,2048.0
2025-01-16 14:47:20,38.5027771619531,127.32974491615735,81.90081641612065,0,4.304163963494648,0,0,0,128.6490522346769,0,0,-0.48054583054463273,1.3019566468609962,0.6564851041968562,5242.88,2048.0
2025-01-16 14:47:20,38.5027771619531,127.32974491615735,81.90081641612065,0,4.304163963494648,0,0,0,128.6490522346769,0,0,-0.4976009462808007,1.2946340699960108,0.6629867049937961,5242.88,2048.0
2025-01-16 14:47:20,38.81067929148694,127.80712626004897,82.49960854407816,0,4.696172505322789,0,0,0,128.14333011440982,0,0,-0.49033819584446936,1.2856980388218968,0.6521993844927744,5242.88,2048.0
2025-01-16 14:47:21,38.81067929148694,127.80712626004897,82.49960854407816,0,4.696172505322789,0,0,0,128.14333011440982,0,0,-0.47555655304713046,1.2948085067836228,0.654528834801596,5242.88,2048.0
2025-01-16 14:47:21,134.4598550763767,44.6263003623029,86.9105611122015,0,-13.205434461919767,0,0,0,168.16423321389038,0,0,-0.4741704982291738,1.280539567452335,0.6482297106735601,5242.88,2048.0
2025-01-16 14:47:21,134.49702186394794,44.65691687701685,86.9719921258308,0,-13.465975851157225,0,0,0,168.80361141413152,0,0,-0.45883206061735377,1.2950553990866234,0.677223407512405,5242.88,2048.0
2025-01-16 14:47:21,134.85839123551,44.97711383131653,87.39098212423806,0,-15.540109753934459,0,0,0,177.44380334515483,0,0,-0.472629403922403,1.256609967792291,0.7008380912460467,5242.88,2048.0
2025-01-16 14:47:21,135.0977557627489,45.19041221597144,87.69530514153334,0,-17.5252094357575,0,0,0,185.05798158777117,0,0,-0.49006216158394594,1.2626600009248294,0.727785777972857,5242.88,2048.0
2025-01-16 14:47:21,135.10875159397386,45.199482278914715,87.71939609333486,0,-17.707413564392738,0,0,0,185.46482340481313,0,0,-0.487204489380358,1.260597624287334,0.7788868879907938,5242.88,2048.0
2025-01-16 14:47:22,135.09530001193787,45.1879949989137,87.69482520834678,0,-17.522306808108418,0,0,0,184.97185507774347,0,0,-0.48565826008338997,1.2267324415599858,0.7939488180175106,5242.88,2048.0
2025-01-16 14:47:22,135.10885239227053,45.20124715110835,87.69856612899059,0,-17.546686924042714,0,0,0,185.44834522555558,0,0,-0.4813536837628875,1.2342792468398411,0.7938246475467269,5242.88,2048.0
2025-01-16 14:47:22,135.09618531885428,45.18848495288001,87.69974913739428,0,-17.559643782719206,0,0,0,185.0064861310617,0,0,-0.5179468871255054,1.2434275476804952,0.7724880386308883,5242.88,2048.0
2025-01-16 14:47:22,135.0552181897245,45.14550281851674,87.72500249319836,0,-17.767860448735536,0,0,0,183.57364706858027,0,0,-0.5135094143234235,1.2298733438972123,0.7709377676840071,5242.88,2048.0
2025-01-16 14:47:22,135.04795178005932,45.140192059116046,87.70048126583161,0,-17.580128173337343,0,0,0,183.31467919419214,0,0,-0.8360227292912707,1.2388722275777448,0.8028024392637613,5242.88,2048.0
2025-01-16 14:47:23,135.0600079166668,45.151443823584316,87.71053656121879,0,-17.65381361374709,0,0,0,183.74049584280135,0,0,-0.8528611521684588,1.2473306589454003,0.8013774485078502,5242.88,2048.0
2025-01-16 14:47:23,135.04857833793585,45.14105531553877,87.69753126322729,0,-17.5573501731757,0,0,0,183.3366055929004,0,0,-0.8486497919068184,1.2722613717763294,0.7972065820948794,5242.88,2048.0
2025-01-16 14:47:23,135.04778729580866,45.140183377656314,87.69853897595165,0,-17.565302283969764,0,0,0,183.3088525705356,0,0,-0.8556561068906233,1.2514003560561073,0.7583129196130618,5242.88,2048.0
2025-01-16 14:47:23,135.04806018596545,45.1404311485911,87.69885204252198,0,-17.567614379986736,0,0,0,183.31844675524002,0,0,-0.8758002210573492,1.2490074605067987,0.7331484167448463,5242.88,2048.0
2025-01-16 14:47:23,128.8483124384088,39.33876758398933,84.74807704476528,-2.2122617025693754,-17.514294809091464,0,0,0.26602608376102704,183.25266548992525,0,0,-0.8897556037029345,1.2595587467783087,0.6991215778853174,5242.88,2048.0
2025-01-16 14:47:24,135.04419581818073,45.135047674480155,87.71786198348532,0,-17.71554465878711,0,0,0,183.18215242642307,0,0,-0.9143674826440119,1.2478171736593269,0.6879856662167875,5242.88,2048.0
2025-01-16 14:47:24,128.87675981850649,39.36439185962477,84.76273906075193,-2.2594205069660265,-17.605301329162018,0,0,0.20525524098520984,184.40790370645647,0,0,-0.9025552961480637,1.23977266733881,0.72567701499881,5242.88,2048.0
2025-01-16 14:47:24,128.91961052936864,39.40210086103803,84.78973795479715,-2.2122617025693754,-17.639252805040925,0,0,0.26602608376102704,184.54780348139,0,0,-0.8481486798788868,1.2675935478064648,0.7496418340697572,5242.88,2048.0
2025-01-16 14:47:24,128.89710192622917,39.38611041654496,84.75493098101265,-2.2024737602440227,-17.5259661267718,0,0,0.33302323764906455,184.1274926846394,0,0,-0.8920444844515383,1.277098429184813,0.7539168270853668,5242.88,2048.0
2025-01-16 14:47:24,128.91230665417245,39.39652480822888,84.78051322721421,-2.2122617025693754,-17.61165170150833,0,0,0.26602608376102704,184.44032816496184,0,0,-0.9029691146530383,1.2476749702264127,0.7394829770080944,5242.88,2048.0
2025-01-16 14:47:24,128.94291582237057,39.420269314741326,84.8172353239596,-2.2122617025693754,-17.72215030053708,0,0,0.26602608376102704,184.91338611293324,0,0,-0.8611338751552786,1.2422296016634666,0.7640257004745162,5242.88,2048.0
2025-01-16 14:47:25,128.98817456246246,39.46492357185196,84.81969081726011,-2.1118499221824996,-17.630388684766217,0,0,0.5222324050578516,184.5214540260498,0,0,-0.8997895510870201,1.256374472261364,0.7937642826924826,5242.88,2048.0
2025-01-16 14:47:25,128.88172903006853,39.370807423368916,84.75484749048779,-2.2376729193689275,-17.560491187306194,0,0,0.307591914662561,184.2692406883658,0,0,-0.8935687355594901,1.2812426353046698,0.7604104440994874,5242.88,2048.0
2025-01-16 14:47:25,128.86618783142572,39.35667210394515,84.74757724453772,-2.2594205069660265,-17.560491187306194,0,0,0.20525524098520984,184.2692406883658,0,0,-0.881207401770684,1.2910921217102822,0.8242113676325995,5242.88,2048.0
2025-01-16 14:47:25,128.8339395927906,39.326845748418755,84.73518739756291,-2.3084572167358797,-17.57243996084745,0,0,0.17593326337321416,184.30816096151318,0,0,-0.9151815813370457,1.2635771939408467,0.8418963535869425,5242.88,2048.0
2025-01-16 14:47:25,128.94952233361656,39.43479310414903,84.77411559875159,-2.12378514315102,-17.505266560983866,0,0,0.44060018225154274,184.09575181810163,0,0,-0.9224961481749682,1.2657805573121057,0.8372647938473564,5242.88,2048.0
2025-01-16 14:47:26,128.88607899738628,39.368634738618844,84.7900170838986,-2.294613464872285,-17.721494829551652,0,0,0.24108644801090878,184.94468985049767,0,0,-0.9055631845780128,1.2604052550191869,0.817332015656336,5242.88,2048.0
2025-01-16 14:47:26,128.83878677150713,39.330647369322755,84.74070645238696,-2.3084572167358797,-17.588672917015998,0,0,0.17593326337321416,184.38030052136324,0,0,-0.9455980813412393,1.2889773007385372,0.797082525755616,5242.88,2048.0
2025-01-16 14:47:26,128.95118601888953,39.437413209833025,84.76891376417218,-2.1118499221824996,-17.4780074037948,0,0,0.5222324050578516,184.0025529734506,0,0,-0.9351867946595765,1.3057494156596992,0.7969509224127298,5242.88,2048.0
2025-01-16 14:47:26,128.8286129591593,39.324534559105345,84.71913652302854,-2.294613464872285,-17.51182396353665,0,0,0.24108644801090878,184.10558812149628,0,0,-0.9496861361729411,1.280391896098601,0.8343585703937183,5242.88,2048.0
2025-01-16 14:47:26,133.07690960371377,43.60201351707338,84.51116224303132,-2.1400120564592755,-17.44156222087766,0,-1.9935077249230404,0.5449368210693611,183.9391735398531,0,343.1367474612908,-0.990666635673478,1.285682161473112,0.8555653690563845,5242.88,2048.0
2025-01-16 14:47:27,132.74033262199347,43.34388964234882,84.11600130871498,-2.2061381135589273,-16.428130925423524,0,-1.8990636086656705,0.4156614505847148,183.79859491170663,0,342.4928369515397,-1.0074471243647354,1.2879493782356253,0.844630289569159,5242.88,2048.0
2025-01-16 14:47:27,132.95072026782088,43.560903875335725,84.0822421020073,-2.2259340229732527,-16.417120692803596,0,-2.060584877814423,0.32254192271090604,183.83610733799122,0,343.5543228582358,-1.370793282457904,1.243050444198904,1.315038294227982,5242.88,2048.0
2025-01-16 14:47:27,133.2541327781916,43.86732960976451,84.06583418432956,-2.1994097032657325,-16.42349184641673,0,-2.240410606561054,0.4616865132039312,183.84196850952588,0,344.4304136493831,-1.4462225002551035,1.233958823134856,1.3198224926540902,5242.88,2048.0
2025-01-16 14:47:27,133.149317834003,43.77105723275909,84.02504192632419,-2.3084572167358797,-16.41891028438135,0,-2.2860024256187357,0.17593326337321416,183.81452562773637,0,344.62374875117376,-1.4640825056847864,1.2121148939350836,1.3016467800577212,5242.88,2048.0
2025-01-16 14:47:28,132.92488489238158,43.54186776234838,84.04938905685289,-2.294613464872285,-16.405068321671504,0,-2.1144947887791092,0.24108644801090878,183.79565668396012,0,344.017663321863,-1.4624514448005874,1.1909547915713221,1.2782148428909685,5242.88,2048.0
2025-01-16 14:47:28,132.95570760161047,43.57477569542188,84.03910230682293,-2.3084572167358797,-16.405899300452127,0,-2.155802974348111,0.17593326337321416,183.80106235638127,0,343.9256186161469,-1.4906539035389583,1.1543125080516061,1.2795741775017693,5242.88,2048.0
2025-01-16 14:47:28,132.88638791017024,43.50552280310972,84.03922696949705,-2.3084572167358797,-16.39011333422536,0,-2.1103136171082175,0.17593326337321416,183.27382526692202,0,344.11849991696863,-1.493636816112154,1.1852046930516686,1.3460709147052945,5242.88,2048.0
2025-01-16 14:47:28,132.96392982532015,43.57654489569223,84.07033057394055,-2.2061381135589273,-16.376464763666963,0,-2.060584877814423,0.4156614505847148,183.25606281463612,0,343.5543228582358,-1.4965284340982363,1.159779988099574,1.3613134329191636,5242.88,2048.0
2025-01-16 14:47:28,133.02301083495976,43.641924836528254,84.03942960378656,-2.294613464872285,-16.405899300452127,0,-2.1825478699815277,0.24108644801090878,183.80106235638127,0,344.2981770263801,-1.0931233831944502,1.185583613756022,1.331640001926717,5242.88,2048.0
2025-01-16 14:47:29,133.02069464963017,43.63978634397756,84.03858450844716,-2.294613464872285,-16.40492085307128,0,-2.18403456840479,0.24108644801090878,183.79233868609077,0,344.1492407418002,-1.0991001092750756,1.1832268119768061,1.3130166466909547,5242.88,2048.0
2025-01-16 14:47:29,132.8331931555675,43.44911092754505,84.05515439365082,-2.3084572167358797,-16.412266509162556,0,-2.0684143537321384,0.17593326337321416,183.80689311807402,0,343.6546226077106,-1.0376298603028893,1.2302712851080002,1.3143770048272556,5242.88,2048.0
2025-01-16 14:47:29,133.03028520909803,43.65010754118516,84.03499464483752,-2.3084572167358797,-16.412266509162556,0,-2.2026116456361584,0.17593326337321416,183.80689311807402,0,344.3556431232735,-1.056354933731444,1.219032798941781,1.3365958189782334,5242.88,2048.0
2025-01-16 14:47:29,133.0313535581368,43.64440996627292,84.06777088903412,-2.2259340229732527,-16.401308923648358,0,-2.1144947887791092,0.32254192271090604,183.76887053196754,0,344.017663321863,-1.045813130822816,1.274510517338732,1.3290596143708013,5242.88,2048.0
2025-01-16 14:47:29,132.8418251959629,43.45641412448027,84.06153996711171,-2.294613464872285,-16.415310232335944,0,-2.060584877814423,0.24108644801090878,183.7911012894862,0,343.5543228582358,-1.0808415146456576,1.2368405963446065,1.3401220518578139,5242.88,2048.0
2025-01-16 14:47:30,132.95472675599768,43.57442962825564,84.03604024755413,-2.3084572167358797,-16.398700653998983,0,-2.155802974348111,0.17593326337321416,183.7898257704295,0,343.9256186161469,-1.0822350392814968,1.240751966629291,1.358982140963318,5242.88,2048.0
2025-01-16 14:47:30,132.85728772570144,43.47246129806074,84.05860040081012,-2.3084572167358797,-16.42444308402119,0,-2.0809821465830223,0.17593326337321416,183.85056057501166,0,343.84253749181,-1.10636460107703,1.212325137444096,1.3701874683831523,5242.88,2048.0
2025-01-16 14:47:30,132.98016001770043,43.58963993624274,84.08548528237151,-2.2061381135589273,-16.41129369746697,0,-2.060584877814423,0.4156614505847148,183.79820045512062,0,343.5543228582358,-1.1424658074269927,1.2342005334191357,1.4184282344898234,5242.88,2048.0
2025-01-16 14:47:30,133.03233677872507,43.64506149758491,84.06937666420892,-2.2259340229732527,-16.405068321671504,0,-2.1144947887791092,0.32254192271090604,183.79565668396012,0,344.017663321863,-1.165837007697318,1.2537864788069684,1.4716888125252217,5242.88,2048.0
2025-01-16 14:47:30,132.83237201308071,43.44884588089394,84.05246538143979,-2.3084572167358797,-16.405899300452127,0,-2.0684143537321384,0.17593326337321416,183.80106235638127,0,343.6546226077106,-1.155949353006976,1.2173863382557577,1.5329373401903963,5242.88,2048.0
2025-01-16 14:47:31,132.99310787006516,43.61011067078601,84.04886194189322,-2.3084572167358797,-16.43595025167961,0,-2.176613918086967,0.17593326337321416,183.81623148711944,0,344.16532168936635,-1.1744317988767132,1.1994984563616093,1.510700647503369,5242.88,2048.0
2025-01-16 14:47:31,132.9131784402447,43.52336413721096,84.08247169379224,-2.294613464872285,-16.482214641574704,0,-2.107047086984403,0.24108644801090878,183.71790636560786,0,343.72861632650245,-1.1607571608419802,1.1885014875972237,1.537494180894084,5242.88,2048.0
2025-01-16 14:47:31,132.90445629173277,43.516426138491944,84.07384686092662,-2.3084572167358797,-16.471283235013857,0,-2.1103136171082175,0.17593326337321416,183.68280069823888,0,344.11849991696863,-1.195295702082527,1.170300876056844,1.5989153253031183,5242.88,2048.0
2025-01-16 14:47:31,132.9111972337742,43.522046691329216,84.07925330177504,-2.294613464872285,-16.474641290206307,0,-2.107047086984403,0.24108644801090878,183.66635533376248,0,343.72861632650245,-1.1598930829172085,1.1740830762877408,1.6018400226476581,5242.88,2048.0
2025-01-16 14:47:31,132.824773821388,43.43473219516909,84.08416342002074,-2.3084572167358797,-16.479158168958207,0,-2.060584877814423,0.17593326337321416,183.70034930822726,0,343.5543228582358,-1.1135544884660031,1.1609599617237039,1.6370862775904576,5242.88,2048.0
2025-01-16 14:47:32,132.95784973226498,43.574973205809144,84.04849798899377,-2.3084572167358797,-16.428130925423524,0,-2.155802974348111,0.17593326337321416,183.79859491170663,0,343.9256186161469,-1.1117254450849166,1.1568282833717844,1.6663346409433715,5242.88,2048.0
2025-01-16 14:47:32,133.11830571771094,43.728270510231255,84.08229981635455,-2.2061381135589273,-16.43595025167961,0,-2.152215090591315,0.4156614505847148,183.81623148711944,0,344.092184953922,-1.1147528108203857,1.12054820357385,1.6275424917053676,5242.88,2048.0
2025-01-16 14:47:32,132.95090931352135,43.55729898531038,84.10074375849028,-2.2259340229732527,-16.46206447694233,0,-2.060584877814423,0.32254192271090604,183.65656248377263,0,343.5543228582358,-1.0794697777551723,1.0999003040335238,1.624352978768244,5242.88,2048.0
2025-01-16 14:47:32,132.95293598557282,43.560941689806384,84.09284269064598,-2.2259340229732527,-16.4425993692374,0,-2.060584877814423,0.32254192271090604,183.82389799597797,0,343.5543228582358,-1.0777482572948835,1.0176208484627494,1.63036292966086,5242.88,2048.0
2025-01-16 14:47:32,132.9853336121,43.58840703257766,84.11674933815989,-2.2061381135589273,-16.48691896310964,0,-2.060584877814423,0.4156614505847148,183.710173644698,0,343.5543228582358,-1.0758621227468421,1.0840902507941814,1.6083187321306232,5242.88,2048.0
2025-01-16 14:47:33,133.16421869322082,43.77187346879451,84.09330403636041,-2.2061381135589273,-16.473296033016045,0,-2.1825478699815277,0.4156614505847148,183.69821318116217,0,344.2981770263801,-1.1021900698247027,1.1097787157451504,1.5847826704360193,5242.88,2048.0
2025-01-16 14:47:33,132.88183921167817,43.490657634560655,84.0893369813949,-2.294613464872285,-16.488912314223036,0,-2.081299109004639,0.24108644801090878,183.72548209435934,0,343.7931274473948,-1.1368029177280055,1.1437429682352738,1.5878041758974137,5242.88,2048.0
2025-01-16 14:47:33,133.12615741692542,43.73327146226212,84.09615677740683,-2.2061381135589273,-16.46995906414754,0,-2.154683017863369,0.4156614505847148,183.67419454544134,0,344.28226824996096,-1.1426283711149676,1.178980955604345,1.6101901320828784,5242.88,2048.0
2025-01-16 14:47:33,133.02620289826473,43.642486687671365,84.05214238025656,-2.294613464872285,-16.43595025167961,0,-2.1825478699815277,0.24108644801090878,183.81623148711944,0,344.2981770263801,-1.1159504555564075,1.2150079199375659,1.6306697019183958,5242.88,2048.0
2025-01-16 14:47:33,132.98381035488455,43.58771490410205,84.11268939076001,-2.2061381135589273,-16.477149655854124,0,-2.060584877814423,0.4156614505847148,183.68496164124926,0,343.5543228582358,-1.100788316435505,1.1887438587923655,1.6245419203962128,5242.88,2048.0
2025-01-16 14:47:34,133.11867027144038,43.72879061525092,84.0815401156676,-2.2061381135589273,-16.43595025167961,0,-2.155802974348111,0.4156614505847148,183.81623148711944,0,343.9256186161469,-1.0793676712676958,1.200076168948423,1.6122690436676308,5242.88,2048.0
2025-01-16 14:47:34,132.8447665964931,43.45747273037984,84.07066206888382,-2.294613464872285,-16.43698052504208,0,-2.060584877814423,0.24108644801090878,183.81818357322493,0,343.5543228582358,-1.0593484981915613,1.2145259836611508,1.6533297103961966,5242.88,2048.0
2025-01-16 14:47:34,133.0353052648839,43.64816453292407,84.0687049382661,-2.294613464872285,-16.480214405183926,0,-2.193006306768617,0.24108644801090878,183.70256232367458,0,344.06570939128784,-1.071057885876158,1.2137384233219581,1.6814292689134198,5242.88,2048.0
2025-01-16 14:47:34,132.96234154701642,43.58270547856456,84.0327984354771,-2.294613464872285,-16.382868831299767,0,-2.155802974348111,0.24108644801090878,183.26229738929464,0,343.9256186161469,-1.1205237103236734,1.1872594700150463,1.7485637476244098,5242.88,2048.0
2025-01-16 14:47:34,132.982400840571,43.58994326293498,84.09491893320863,-2.2061381135589273,-16.433952261756968,0,-2.060584877814423,0.4156614505847148,183.80087100732055,0,343.5543228582358,-1.164202553552545,1.199866925923843,1.7585383211747434,5242.88,2048.0
2025-01-16 14:47:35,133.17270900962188,43.77984438800054,84.09579241653965,-2.2061381135589273,-16.48385161097396,0,-2.193006306768617,0.4156614505847148,183.69255572908813,0,344.06570939128784,-1.167127401919785,1.1617038778129973,1.7615098426542264,5242.88,2048.0
2025-01-16 14:47:35,133.17370271973365,43.79041560187961,84.04920837285171,-2.2061381135589273,-16.376464763666963,0,-2.2026116456361584,0.4156614505847148,183.25606281463612,0,344.3556431232735,-1.1907894921484994,1.1787948208182457,1.83885865271547,5242.88,2048.0
2025-01-16 14:47:35,132.82184676574275,43.43304787298687,84.07813434775207,-2.3084572167358797,-16.464870331059707,0,-2.060584877814423,0.17593326337321416,183.6411439060408,0,343.5543228582358,-1.2108852637633314,1.183357004263892,1.8479276084717957,5242.88,2048.0
2025-01-16 14:47:35,133.11525568442502,43.726045262792056,84.07830119219706,-2.2061381135589273,-16.42444308402119,0,-2.148046402772323,0.4156614505847148,183.85056057501166,0,344.19309630745556,-1.2851073610873827,1.188850832713432,1.9063648442275705,5242.88,2048.0
2025-01-16 14:47:36,132.98100129616302,43.59617440359078,84.05780464051126,-2.294613464872285,-16.440608266807484,0,-2.155802974348111,0.24108644801090878,183.80857306314522,0,343.9256186161469,-1.3472327301520632,1.1205769387819917,1.9230585103726623,5242.88,2048.0
2025-01-16 14:47:36,132.84084072742573,43.45631803198437,84.0572379125094,-2.294613464872285,-16.405068321671504,0,-2.060584877814423,0.24108644801090878,183.79565668396012,0,343.5543228582358,-1.344090626112398,1.1716657719174943,1.955531859197695,5242.88,2048.0
2025-01-16 14:47:36,133.0140201577152,43.627154612328404,84.06749688169337,-2.2259340229732527,-16.398700653998983,0,-2.107047086984403,0.32254192271090604,183.7898257704295,0,343.72861632650245,-1.685923373025813,1.1650448451878987,2.0050938074097435,5242.88,2048.0
2025-01-16 14:47:36,133.03717866228718,43.65822103399452,84.02906035169036,-2.294613464872285,-16.39011333422536,0,-2.2026116456361584,0.24108644801090878,183.27382526692202,0,344.3556431232735,-1.7037567191815768,1.1882672243991494,1.9794396082681611,5242.88,2048.0
2025-01-16 14:47:36,132.74782243001147,43.36111288552894,84.06849140929015,-2.3084572167358797,-16.42444308402119,0,-2.0121395994645783,0.17593326337321416,183.85056057501166,0,343.1703919120917,-1.716872684464221,1.1594209629160368,1.9866917917746683,5242.88,2048.0
2025-01-16 14:47:37,132.8874445993777,43.50635180046138,84.04032085472004,-2.294613464872285,-16.383709743745865,0,-2.107166881344469,0.24108644801090878,183.26759083537837,0,343.54021830385983,-1.7666925541681402,1.173769933904361,1.980494612118676,5242.88,2048.0
2025-01-16 14:47:37,133.0657174796363,43.68569103902856,84.03405147089173,-2.294613464872285,-16.405068321671504,0,-2.214592520740578,0.24108644801090878,183.79565668396012,0,344.3084487931885,-1.776861047016777,1.1596847977346652,1.983317551267062,5242.88,2048.0
2025-01-16 14:47:37,132.81730966063745,43.43586185756394,84.04250794094648,-2.3084572167358797,-16.383709743745865,0,-2.0684143537321384,0.17593326337321416,183.26759083537837,0,343.6546226077106,-1.763201425348551,1.1424155611299889,2.4280191159066415,5242.88,2048.0
2025-01-16 14:47:37,132.90789193592144,43.51951166698383,84.07552717733745,-2.3084572167358797,-16.477149655854124,0,-2.1144947887791092,0.17593326337321416,183.68496164124926,0,344.017663321863,-1.7750627900626132,1.1039865457556228,2.4293888927962097,5242.88,2048.0
2025-01-16 14:47:37,132.98288299362252,43.594480299213174,84.07516059656874,-2.294613464872285,-16.482214641574704,0,-2.155802974348111,0.24108644801090878,183.71790636560786,0,343.9256186161469,-1.82397448386857,1.196237929467896,2.458027976669434,5242.88,2048.0
2025-01-16 14:47:38,132.98539901186768,43.59699439590055,84.07515433835609,-2.294613464872285,-16.482214641574704,0,-2.156372931558176,0.24108644801090878,183.71790636560786,0,343.9913748057744,-1.7828682635940891,1.1939188838550654,2.4351558209193636,5242.88,2048.0
2025-01-16 14:47:38,133.1134164384506,43.73028915544783,84.04877401077233,-2.2259340229732527,-16.382868831299767,0,-2.18403456840479,0.32254192271090604,183.26229738929464,0,344.1492407418002,-1.8034615992771985,1.1812631811622034,2.411283575159909,5242.88,2048.0
2025-01-16 14:47:38,132.85889280336363,43.4690013455418,84.08320311951682,-2.3084572167358797,-16.48385161097396,0,-2.081299109004639,0.17593326337321416,183.69255572908813,0,343.7931274473948,-1.8017892773461022,1.2058552724168088,2.438025794611639,5242.88,2048.0
2025-01-16 14:47:38,133.034817431853,43.650816853268545,84.05346843985244,-2.294613464872285,-16.44363909641279,0,-2.193006306768617,0.24108644801090878,183.82590258745384,0,344.06570939128784,-1.8328960236702485,1.1827188849448742,2.4542793675233456,5242.88,2048.0
2025-01-16 14:47:38,132.98909960305005,43.60413393162889,84.05842746511809,-2.294613464872285,-16.440608266807484,0,-2.154683017863369,0.24108644801090878,183.80857306314522,0,344.28226824996096,-1.831217072901858,1.2089075188053964,2.4346566304177797,5242.88,2048.0
2025-01-16 14:47:39,132.9293330606655,43.54304645332731,84.06521468279041,-2.294613464872285,-16.4425993692374,0,-2.1144947887791092,0.24108644801090878,183.82389799597797,0,344.017663321863,-1.8581675894934033,1.1920953778273764,2.4616550448468693,5242.88,2048.0
2025-01-16 14:47:39,132.9740110203073,43.58731933337103,84.06689925603727,-2.3084572167358797,-16.473296033016045,0,-2.1610861800951415,0.17593326337321416,183.69821318116217,0,344.18949405978947,-1.7599851841963208,1.2614534409173146,2.4827384588918684,5242.88,2048.0
2025-01-16 14:47:39,132.91109768130153,43.524846859387004,84.06515839400112,-2.294613464872285,-16.440608266807484,0,-2.107047086984403,0.24108644801090878,183.80857306314522,0,343.72861632650245,-1.779125094231782,1.218710864045195,2.4568158029600027,5242.88,2048.0
2025-01-16 14:47:39,132.9964944097211,43.608040108071656,84.07532747587925,-2.294613464872285,-16.48385161097396,0,-2.1610861800951415,0.24108644801090878,183.69255572908813,0,344.18949405978947,-1.762709148421566,1.2584043614736518,2.456669811347066,5242.88,2048.0
2025-01-16 14:47:39,132.37132084328871,42.978530072996676,84.10100531660078,-2.3084572167358797,-16.405899300452127,0,-1.7460425072619914,0.17593326337321416,183.80106235638127,0,342.34917469557854,-1.806441716128657,1.265676853201728,2.4483886071197936,5242.88,2048.0
2025-01-16 14:47:40,134.26732991749896,44.812703923542195,84.4015402971437,0,-16.395994128439582,0,-1.8522770609204346,0,183.31087735754252,0,342.90135680541505,-1.8724157405445834,1.2740928493200838,2.459020148834207,5242.88,2048.0
2025-01-16 14:47:40,134.29316354532585,44.83303708314717,84.42989762791912,0,-16.488912314223036,0,-1.8765431217589255,0,183.72548209435934,0,343.098012064659,-1.7973928715800753,1.2793927140453858,2.426808579077255,5242.88,2048.0
2025-01-16 14:47:40,134.2783405743835,44.81540486023614,84.44447844791615,0,-16.43698052504208,0,-1.7818992897399157,0,183.81818357322493,0,342.4494851349108,-1.7972086741178335,1.2570894713255751,2.4067157059043494,5242.88,2048.0
2025-01-16 14:47:40,134.2960807316966,44.83619563388577,84.42864423290816,0,-16.482214641574704,0,-1.873923147517559,0,183.71790636560786,0,343.2044410900987,-1.7882385396593645,1.3310637664430478,2.4754720796701637,5242.88,2048.0
2025-01-16 14:47:40,134.27570673401,44.806173714912426,84.47882074808291,0,-16.485853244564293,0,-1.7375405415660488,0,183.70790782893488,0,342.29461473017994,-1.8358415306615712,1.336087561418037,2.4507295274734573,5242.88,2048.0
2025-01-16 14:47:41,134.27505241229744,44.80963180681347,84.45739245225175,0,-16.428130925423524,0,-1.7375405415660488,0,183.79859491170663,0,342.29461473017994,-1.8885319603490713,1.2899683292403024,2.464189152717598,5242.88,2048.0
2025-01-16 14:47:41,134.27695725086846,44.80320232534098,84.50090444368654,0,-16.488912314223036,0,-1.680792540110256,0,183.72548209435934,0,342.18973940732343,-1.8788423006771424,1.3287111351507765,2.473546324067451,5242.88,2048.0
2025-01-16 14:47:41,134.28258697554966,44.81062811799089,84.49148952330636,0,-16.45303301660529,0,-1.6720477824412503,0,184.10409111331086,0,342.0039928417969,-1.911104300404348,1.3246053575194972,2.473400268736694,5242.88,2048.0
2025-01-16 14:47:41,134.25559783636717,44.787676858206424,84.4704426456497,0,-16.411549813844662,0,-1.680792540110256,0,183.2685650777262,0,342.18973940732343,-1.896998333821795,1.2974915862264973,2.465527530808493,5242.88,2048.0
2025-01-16 14:47:41,134.81352535242027,45.66005551302394,83.01860175871232,0,-16.499393062773002,0,-4.999092379535615,0,183.97479085451812,0,1.5740156907293263,-1.9442374900643404,1.2909832718171683,2.4926957925039472,5242.88,2048.0
2025-01-16 14:47:42,134.2577479073735,44.79315656893108,84.45310847328226,0,-16.46537167637338,0,-1.7818992897399157,0,183.1849125794428,0,342.4494851349108,-1.9709608181378568,1.2558154916398843,2.4880774992294974,5242.88,2048.0
2025-01-16 14:47:42,132.54925587660838,43.154728863919466,84.10804535201825,-2.290028530019321,-16.444762707712055,0,-1.8433924640178039,0.2724745724117378,184.0498667638828,0,342.71414698259866,-2.0028930969092937,1.333670499288352,2.4718704221266905,5242.88,2048.0
2025-01-16 14:47:42,132.56368178914082,43.17168427433767,84.09558605804791,-2.290028530019321,-16.41733619192297,0,-1.8522770609204346,0.2724745724117378,184.09031635227632,0,342.90135680541505,-2.057653100617995,1.3544386637119374,2.50836043676348,5242.88,2048.0
2025-01-16 14:47:42,132.54569648920702,43.15356983632148,84.09635510959183,-2.290028530019321,-16.416558287845717,0,-1.8433924640178039,0.2724745724117378,184.04932475196938,0,342.71414698259866,-1.6267452405245508,1.2959477892722318,2.4986092890674003,5242.88,2048.0
2025-01-16 14:47:42,132.8034447254621,43.41572419859008,84.07301603160325,-2.2834005679352702,-16.41795093272343,0,-2.015782576333135,0.30693873970919583,184.0610052481166,0,343.4298217087575,-1.6531505748516082,1.287297226545417,2.534447334649917,5242.88,2048.0
2025-01-16 14:47:43,133.0188675430048,43.552074213228984,84.46915437333672,-2.290028530019321,-17.469420384575344,0,-2.107047086984403,0.2724745724117378,184.03125027506584,0,343.72861632650245,-1.6993809710932406,1.2217488921325144,2.5193743682999727,5242.88,2048.0
2025-01-16 14:47:43,132.52622121617003,43.1494513906571,84.0220753916335,-2.4581926840171175,-16.41795093272343,0,-2.015782576333135,359.551086943826,184.0610052481166,0,343.4298217087575,-1.729035075821066,1.2324794322661285,2.540785693357927,5242.88,2048.0
2025-01-16 14:47:43,132.12823121132735,42.769869947298396,83.93751428841857,-2.733852774371072,-16.426528275356933,0,-2.054173953613942,358.46565850029924,184.04297128818936,0,343.3277643923678,-1.7500776777194924,1.2479509726370985,2.503062581724801,5242.88,2048.0
2025-01-16 14:47:43,132.6386399837271,43.27097125107557,83.97751923701219,-2.52107609379449,-16.409375858196782,0,-2.1610861800951415,359.1815445383114,184.03809483600565,0,344.18949405978947,-1.7660030767572104,1.2632154998524006,2.1660340711178754,5242.88,2048.0
2025-01-16 14:47:44,132.3140360509395,42.95794956425411,83.92502667620909,-2.7195539030228133,-16.422916293303985,0,-2.154683017863369,358.5053152907755,184.05515204506383,0,344.28226824996096,-1.751942532663154,1.269224131380279,2.2160944565561977,5242.88,2048.0
2025-01-16 14:47:44,132.53935462488798,43.17192370153138,83.97714919455686,-2.5525936695721287,-16.418795967080985,0,-2.128519603679543,358.91768830955453,184.0281394073709,0,343.97051273130313,-1.732269865865953,1.3089427911597764,2.212702057743809,5242.88,2048.0
2025-01-16 14:47:44,132.4085852430852,43.03950181309514,83.98612183401048,-2.571973511020658,-16.42867815483836,0,-2.060584877814423,359.0962897253168,184.09296670176838,0,343.5543228582358,-1.7441464039023868,1.2840291904310641,2.199001838105334,5242.88,2048.0
2025-01-16 14:47:44,132.5994114381588,43.232217867667295,83.97554569014395,-2.536441913910536,-16.412436933106903,0,-2.152215090591315,359.1987126698929,184.02231172630363,0,344.092184953922,-1.7357165356265043,1.2913888605859847,2.1758032357601804,5242.88,2048.0
2025-01-16 14:47:44,132.5791448508786,43.20339660633716,84.01674208017644,-2.455116534159596,-16.41795093272343,0,-2.054173953613942,359.1987126698929,184.0610052481166,0,343.3277643923678,-1.6673949034159696,1.328575982756236,2.156647193704861,5242.88,2048.0
2025-01-16 14:47:45,132.35854012017126,43.00171985338413,83.9281172899271,-2.7220245841179116,-16.446658456229393,0,-2.193006306768617,358.49783257641434,184.06483494910492,0,344.06570939128784,-1.67953488073279,1.3277594614392414,2.1796176330187933,5242.88,2048.0
2025-01-16 14:47:45,132.9514874962711,43.56764931694104,84.05319668843148,-2.3173427035027863,-16.444762707712055,0,-2.155802974348111,359.49917552216755,184.0498667638828,0,343.9256186161469,-1.669896713577182,1.3017269609356137,2.160577528294725,5242.88,2048.0
2025-01-16 14:47:45,132.3353250641832,42.97909651472267,83.92551344206142,-2.7220245841179116,-16.443129113002993,0,-2.193006306768617,358.49783257641434,183.1158099385644,0,344.06570939128784,-1.6602246858873722,1.3182737141892589,2.2173295731216984,5242.88,2048.0
2025-01-16 14:47:45,132.35854012017126,43.00171985338413,83.9281172899271,-2.7220245841179116,-16.446658456229393,0,-2.193006306768617,358.49783257641434,184.06483494910492,0,344.06570939128784,-1.5845688719422135,1.3677518618379316,2.2423437875827847,5242.88,2048.0
2025-01-16 14:47:45,132.78296212025725,43.404380177754554,84.02890075417373,-2.455116534159596,-16.49163749979836,0,-2.1825478699815277,359.1987126698929,183.95769482938763,0,344.2981770263801,-1.5748742779884914,1.3859213050812638,2.2453693879833745,5242.88,2048.0
2025-01-16 14:47:46,132.16573258359682,42.80538288921628,83.9466069760152,-2.7220245841179116,-16.440845989099827,0,-2.060584877814423,358.49783257641434,184.0625849916614,0,343.5543228582358,-1.150062327639776,1.3990475170302406,2.246779642159711,5242.88,2048.0
2025-01-16 14:47:46,132.46202611750945,43.08909524673159,84.00412753928055,-2.58446629082438,-16.496283697160337,0,-2.107047086984403,358.79816693554784,183.99069217814457,0,343.72861632650245,-1.1809299691761102,1.3826976042848882,2.26061418371347,5242.88,2048.0
2025-01-16 14:47:46,132.24997107495622,42.890374174749454,83.94225601648624,-2.7220245841179116,-16.447761626128663,0,-2.1103136171082175,358.49783257641434,184.06696908799358,0,344.11849991696863,-1.1526879767789475,1.3669764484703457,2.2142755408141537,5242.88,2048.0
2025-01-16 14:47:46,132.55546854832977,43.180102634232384,84.01508606275723,-2.536441913910536,-16.490809257338437,0,-2.1144947887791092,359.1987126698929,183.95226720375288,0,344.017663321863,-1.125245059646752,1.3524548552235942,2.2311464656764404,5242.88,2048.0
2025-01-16 14:47:46,133.18551485929183,43.79201343735812,84.09883202599609,-2.1311478119877707,-16.409375858196782,0,-2.1144947887791092,0.2003340770078032,184.03809483600565,0,344.017663321863,-1.1553739496770088,1.3577137711393379,2.682640310189205,5242.88,2048.0
2025-01-16 14:47:47,133.04283030125626,43.6522444162461,84.08542388143191,-2.269082779494569,-16.489680191793177,0,-2.1610861800951415,359.89983265534863,183.9498750598243,0,344.18949405978947,-1.1342282959159389,1.4309982891664612,2.6937772360648906,5242.88,2048.0
2025-01-16 14:47:47,132.62010800332808,43.250053883579334,83.98908020895445,-2.536441913910536,-16.44661965113518,0,-2.1610861800951415,359.1987126698929,184.10046773134582,0,344.18949405978947,-1.1188852081590324,1.408236010948155,2.713814097379009,5242.88,2048.0
2025-01-16 14:47:47,132.75620126799333,43.372016799773355,84.05618163535485,-2.398672929690278,-16.490809257338437,0,-2.107047086984403,359.4991755221675,183.95226720375288,0,343.72861632650245,-1.1357767707883246,1.3833944719801776,2.696563503560228,5242.88,2048.0
2025-01-16 14:47:47,132.6915471200182,43.30525729893316,84.06685689382081,-2.398672929690278,-16.499393062773002,0,-2.060584877814423,359.4991755221675,183.97479085451812,0,343.5543228582358,-1.152271931408046,1.3992051168251933,2.6613526799296694,5242.88,2048.0
2025-01-16 14:47:48,132.77116403764293,43.391120862673546,84.03603798485838,-2.398672929690278,-16.444762707712055,0,-2.1144947887791092,359.4991755221675,184.0498667638828,0,344.017663321863,-1.1810890386305086,1.432196514187822,2.6338088117847094,5242.88,2048.0
2025-01-16 14:47:48,132.30879704674732,42.946710077882294,83.95357573950025,-2.7220245841179116,-16.49163749979836,0,-2.155802974348111,358.49783257641434,183.95769482938763,0,343.9256186161469,-1.1537714837343944,1.4380769059675682,2.5980689090080933,5242.88,2048.0
2025-01-16 14:47:48,132.532083892034,43.15981518678697,84.0003847599655,-2.536441913910536,-16.458520504985774,0,-2.1144947887791092,359.1987126698929,183.14183373024778,0,344.017663321863,-1.1716786173464087,1.4586009828188375,2.629192428916474,5242.88,2048.0
2025-01-16 14:47:48,132.34535141581182,42.991595307880715,83.91371823054779,-2.7220245841179116,-16.409375858196782,0,-2.1825478699815277,358.49783257641434,184.03809483600565,0,344.2981770263801,-1.184121114570707,1.490923053654038,2.5785224116667624,5242.88,2048.0
2025-01-16 14:47:48,132.72769261518664,43.35225101501057,84.01415840779443,-2.455116534159596,-16.446658456229393,0,-2.15191832950889,359.1987126698929,184.06483494910492,0,343.86559891444176,-1.2101268247065964,1.5347845801687754,2.57992437826769,5242.88,2048.0
2025-01-16 14:47:49,133.34059126706927,43.94160696652621,84.12487395767008,-2.114666666666657,-16.492706926001073,0,-2.2026116456361584,4.8358497982108945e-14,183.96721955701452,0,344.3556431232735,-1.1958496134518068,1.607532607253213,2.6095276748497156,5242.88,2048.0
2025-01-16 14:47:49,132.39297101197198,43.01943023780219,84.00763005003158,-2.58446629082438,-16.487774389469337,0,-2.060584877814423,358.79816693554784,183.93487945703805,0,343.5543228582358,-1.2500614908087657,1.5858830588281934,2.6461862967578598,5242.88,2048.0
2025-01-16 14:47:49,132.53533473132288,43.16314595144408,83.99997540130855,-2.536441913910536,-16.453295943141857,0,-2.107047086984403,359.1987126698929,184.07249687210893,0,343.72861632650245,-1.241876517943785,1.5690495111195506,2.6652259504340168,5242.88,2048.0
2025-01-16 14:47:49,132.75886314922474,43.383750222569184,84.01235449423353,-2.455116534159596,-16.454981576826672,0,-2.1825478699815277,359.1987126698929,183.11773202520814,0,344.2981770263801,-1.2039803443792527,1.5664283020077179,2.7010491416290607,5242.88,2048.0
2025-01-16 14:47:49,132.1673727075201,42.80651104040965,83.94902605480468,-2.7220245841179116,-16.446308517091307,0,-2.060584877814423,358.49783257641434,184.09585412782644,0,343.5543228582358,-1.2403841182476099,1.587175791045122,2.749149374834463,5242.88,2048.0
2025-01-16 14:47:50,132.61876233794115,43.24616676822938,84.00128163833782,-2.536441913910536,-16.475554090930267,0,-2.1610861800951415,359.1987126698929,183.8910870249797,0,344.18949405978947,-1.2293678333923426,1.620394841023014,2.7815019754417163,5242.88,2048.0
2025-01-16 14:47:50,132.2698970253127,42.91092989176444,83.93908519774405,-2.7220245841179116,-16.447796994398367,0,-2.128519603679543,358.49783257641434,184.06974987426048,0,343.97051273130313,-1.190346771487785,1.60559107032435,3.2411644924870067,5242.88,2048.0
2025-01-16 14:47:50,132.33640076245098,42.979561915813434,83.92839743355249,-2.7220245841179116,-16.449680904632917,0,-2.193006306768617,358.49783257641434,183.1206992561921,0,344.06570939128784,-1.2203441229667693,1.5862471406513803,3.303088555299608,5242.88,2048.0
2025-01-16 14:47:50,132.67377608201366,43.29792305615715,84.01653154982371,-2.455116534159596,-16.43644653699727,0,-2.1103136171082175,359.1987126698929,183.8719676309637,0,344.11849991696863,-1.2495384827097276,1.583748965572704,3.2947776329790455,5242.88,2048.0
2025-01-16 14:47:51,132.81350633163663,43.42918201114354,84.05646172375694,-2.3173427035027863,-16.418158837502773,0,-2.060584877814423,359.49917552216755,184.0957181910751,0,343.5543228582358,-1.6697854444635147,1.6275306547506463,3.2570434349911905,5242.88,2048.0
2025-01-16 14:47:51,132.20077704973096,42.84064714131592,83.94523742634885,-2.7220245841179116,-16.444762707712055,0,-2.081299109004639,358.49783257641434,184.0498667638828,0,343.7931274473948,-1.6990136469047814,1.6266129446029047,3.255156068838289,5242.88,2048.0
2025-01-16 14:47:51,132.31954210546985,42.9616516270352,83.93353368453455,-2.7220245841179116,-16.446658456229393,0,-2.1610861800951415,358.49783257641434,184.06483494910492,0,344.18949405978947,-1.750566226362305,1.6067199981120996,3.2912325225349695,5242.88,2048.0
2025-01-16 14:47:51,132.5948489077863,43.21786765709677,84.02255923298127,-2.455116534159596,-16.433422945902976,0,-2.060584877814423,359.1987126698929,184.01143821284683,0,343.5543228582358,-1.7536800998950153,1.6058421507863885,3.3126155583367187,5242.88,2048.0
2025-01-16 14:47:51,132.5528876430455,43.18101127847008,83.99833781924511,-2.536441913910536,-16.45140702532589,0,-2.1144947887791092,359.1987126698929,184.05756422309213,0,344.017663321863,-1.7724343409065404,1.5980336294828763,3.3624487483774526,5242.88,2048.0
2025-01-16 14:47:52,132.17132724539832,42.80609880869276,83.96979206972937,-2.7220245841179116,-16.494464775649046,0,-2.060584877814423,358.49783257641434,183.94246913,0,343.5543228582358,-1.7959517280928385,1.6463647815652755,3.358632650611974,5242.88,2048.0
2025-01-16 14:47:52,132.6220904391663,43.24811580432663,84.00788189496917,-2.536441913910536,-16.490809257338437,0,-2.1610861800951415,359.1987126698929,183.95226720375288,0,344.18949405978947,-1.7973374706006569,1.6518290162267852,3.382111537875119,5242.88,2048.0
2025-01-16 14:47:52,132.68466842717825,43.303940595504486,84.03996587127195,-2.455116534159596,-16.493307947929264,0,-2.1144947887791092,359.1987126698929,183.93239502987586,0,344.017663321863,-1.7955516573491326,1.6701176572937366,3.3771846066722526,5242.88,2048.0
2025-01-16 14:47:52,132.34666436798923,42.99223384063394,83.91689825617304,-2.7220245841179116,-16.416558287845717,0,-2.1825478699815277,358.49783257641434,184.04932475196938,0,344.2981770263801,-1.8065739679700885,1.678881035069409,3.369030019308784,5242.88,2048.0
2025-01-16 14:47:52,132.26761792843584,42.910668770605724,83.92952878495215,-2.7220245841179116,-16.425884603025338,0,-2.128519603679543,358.49783257641434,184.11312590139943,0,343.97051273130313,-1.8360276969152893,1.6187723392930007,3.392290352919639,5242.88,2048.0
2025-01-16 14:47:53,132.8178246192384,43.4273623077568,84.08625961108271,-2.3173427035027863,-16.489680191793177,0,-2.060584877814423,359.49917552216755,183.9498750598243,0,343.5543228582358,-1.823347535824992,1.6241910780840512,3.4062041750027117,5242.88,2048.0
2025-01-16 14:47:53,132.2066132324448,42.84203308175704,83.9663738322985,-2.7220245841179116,-16.49351260685132,0,-2.081299109004639,358.49783257641434,183.9775533418465,0,343.7931274473948,-1.8247147126962555,1.643564595793885,3.437136551715045,5242.88,2048.0
2025-01-16 14:47:53,132.53508232116312,43.163217813539724,83.99842114336168,-2.536441913910536,-16.449649376255493,0,-2.107047086984403,359.1987126698929,184.0818945694647,0,343.72861632650245,-1.8276752789330284,1.6395804295284406,3.416522821906878,5242.88,2048.0
2025-01-16 14:47:53,132.32006878083217,42.96174057114443,83.9356067896878,-2.7220245841179116,-16.45140702532589,0,-2.1610861800951415,358.49783257641434,184.05756422309213,0,344.18949405978947,-1.8100622079572954,1.6007271353706405,3.4496423645420022,5242.88,2048.0
2025-01-16 14:47:53,132.34486358399445,42.987847627835315,83.92916373528068,-2.7220245841179116,-16.441704846658947,0,-2.1761279630328003,358.49783257641434,184.0656677221428,0,344.3909669713046,-1.8082119938799794,1.6477589164252753,3.4874891542842463,5242.88,2048.0
2025-01-16 14:47:54,137.94601559054945,48.72478750995988,83.3278362815148,-2.7220245841179116,-16.422916293303985,0,-5.723385570859364,358.49783257641434,184.05515204506383,0,2.2459122024114966,-1.8806206548851307,1.6318344552643678,3.520623526937188,5242.88,2048.0
2025-01-16 14:47:54,133.02506956252006,43.64013231279382,84.05806910666404,-2.269082779494569,-16.422916293303985,0,-2.155802974348111,359.89983265534863,184.05515204506383,0,343.9256186161469,-1.904934038788343,1.6340851274518815,3.5342653563186506,5242.88,2048.0
2025-01-16 14:47:54,132.66787863674585,43.28663752275373,84.04257048877919,-2.455116534159596,-16.497502222652212,0,-2.107047086984403,359.1987126698929,183.95987408330507,0,343.72861632650245,-1.9121183755015954,1.6421380622513668,3.5606324609363447,5242.88,2048.0
2025-01-16 14:47:54,132.3812408154469,43.02007812355512,83.94854926550904,-2.7220245841179116,-16.494464775649046,0,-2.1984449355354636,358.49783257641434,183.94246913,0,344.4568162486571,-1.924042713805955,1.6413360445735352,3.5635227510583403,5242.88,2048.0
2025-01-16 14:47:54,132.8245012541932,43.44233285220442,84.04594496759195,-2.398672929690278,-16.484169571698555,0,-2.155802974348111,359.4991755221675,183.91374478205066,0,343.9256186161469,-1.8824559890223271,1.6739271723040428,3.564971599433268,5242.88,2048.0
2025-01-16 14:47:55,132.91349524125846,43.53569361305427,84.02425770250916,-2.398672929690278,-16.453295943141857,0,-2.214592520740578,359.4991755221675,184.07249687210893,0,344.3084487931885,-1.8281423818428457,1.6412466812315114,3.563236492990547,5242.88,2048.0
2025-01-16 14:47:55,132.167923630943,42.80642585971108,83.9520468724795,-2.7220245841179116,-16.453295943141857,0,-2.060584877814423,358.49783257641434,184.07249687210893,0,343.5543228582358,-1.8010212438889492,1.6229811017567197,3.5757673458652737,5242.88,2048.0
2025-01-16 14:47:55,132.25730542084096,42.89344315789016,83.96249101281337,-2.7220245841179116,-16.49636375511339,0,-2.1144947887791092,358.49783257641434,183.95742917572088,0,344.017663321863,-1.8655460444297862,1.5785450625782933,3.5666032592212975,5242.88,2048.0
2025-01-16 14:47:55,132.88854500168742,43.50125541008303,84.07035093441887,-2.269082779494569,-16.41795093272343,0,-2.060584877814423,359.89983265534863,184.0610052481166,0,343.5543228582358,-1.8127735841911623,1.5792939471287808,3.577613455484851,5242.88,2048.0
2025-01-16 14:47:56,132.75422064206475,43.37345198768053,84.0396628169473,-2.398672929690278,-16.45140702532589,0,-2.107047086984403,359.4991755221675,184.05756422309213,0,343.72861632650245,-1.8348473418578304,1.541873520767347,3.6140478782617502,5242.88,2048.0
2025-01-16 14:47:56,132.25659978200247,42.89316948099012,83.96043836728508,-2.7220245841179116,-16.49163749979836,0,-2.1144947887791092,358.49783257641434,183.95769482938763,0,344.017663321863,-1.423491137919572,1.578864136342715,3.5912367467115947,5242.88,2048.0
2025-01-16 14:47:56,133.0742268339748,43.68415868685286,84.08271549252026,-2.269082779494569,-16.490809257338437,0,-2.1825478699815277,359.89983265534863,183.95226720375288,0,344.2981770263801,-1.4218095454005255,1.5675584294959095,3.5790902436052665,5242.88,2048.0
2025-01-16 14:47:56,132.24602101111998,42.89015901058204,83.9245702766842,-2.7220245841179116,-16.409375858196782,0,-2.1144947887791092,358.49783257641434,184.03809483600565,0,344.017663321863,-1.453193283736288,1.532191601764085,3.566930548052761,5242.88,2048.0
2025-01-16 14:47:56,132.55384083267248,43.1777169394593,84.01874724043056,-2.536441913910536,-16.497502222652212,0,-2.1103136171082175,359.1987126698929,183.95987408330507,0,344.11849991696863,-1.4560892505500527,1.5159711067912442,3.5791151743808873,5242.88,2048.0
2025-01-16 14:47:57,132.89851560261357,43.517846215488106,84.03820128019804,-2.398672929690278,-16.481912408520422,0,-2.2026116456361584,359.4991755221675,183.93271976871088,0,344.3556431232735,-1.4267525994687056,1.502883155236647,3.5835801144774733,5242.88,2048.0
2025-01-16 14:47:57,132.48025854829388,43.104070188742455,84.01964295726329,-2.536441913910536,-16.48356345620647,0,-2.0642407173888984,359.1987126698929,183.941041661791,0,343.75509052933836,-1.4281973557800205,1.5102218605907112,3.5883576609160253,5242.88,2048.0
2025-01-16 14:47:57,132.8178246192384,43.4273623077568,84.08625961108271,-2.3173427035027863,-16.489680191793177,0,-2.060584877814423,359.49917552216755,183.9498750598243,0,343.5543228582358,-1.451287829857784,1.5125029759733932,3.6006322341656967,5242.88,2048.0
2025-01-16 14:47:57,132.32514687558972,42.96242268140887,83.95646718919333,-2.7220245841179116,-16.499393062773002,0,-2.1610861800951415,358.49783257641434,183.97479085451812,0,344.18949405978947,-1.4227630206101194,1.5251392277687759,3.5915466646929834,5242.88,2048.0
2025-01-16 14:47:57,132.5944537157328,43.217863678837354,84.02067757669248,-2.455116534159596,-16.428987053549903,0,-2.060584877814423,359.1987126698929,184.0182020634436,0,343.5543228582358,-1.4565824192717258,1.5716556821341927,3.5855011515581072,5242.88,2048.0
2025-01-16 14:47:58,133.28632423588974,43.888168789915454,84.12107852847042,-2.1311478119877707,-16.487774389469337,0,-2.1825478699815277,0.2003340770078032,183.93487945703805,0,344.2981770263801,-1.4453380808939846,1.5360749316214797,3.6090479331890237,5242.88,2048.0
2025-01-16 14:47:58,132.31340945549627,42.95899443583547,83.91711586770984,-2.7220245841179116,-16.409375858196782,0,-2.1610861800951415,358.49783257641434,184.03809483600565,0,344.18949405978947,-1.4615974322166538,1.5039347361425595,3.6319393883406765,5242.88,2048.0
2025-01-16 14:47:58,132.18437302798503,42.819687279690825,83.96708208296006,-2.7220245841179116,-16.490809257338437,0,-2.0684143537321384,358.49783257641434,183.95226720375288,0,343.6546226077106,-1.4714093604343017,1.5264120614982928,3.623445729390366,5242.88,2048.0
2025-01-16 14:47:58,132.3835418778008,43.022880167926076,83.94614640813438,-2.7220245841179116,-16.490809257338437,0,-2.2026116456361584,358.49783257641434,183.95226720375288,0,344.3556431232735,-1.4288675102933153,1.4910703253745303,3.6107553323534716,5242.88,2048.0
2025-01-16 14:47:58,132.5814723001355,43.20386708407159,84.02566925116294,-2.455116534159596,-16.438945972300946,0,-2.054173953613942,359.1987126698929,184.04759202493827,0,343.3277643923678,-1.4171387379770453,1.4720769623398957,3.627080070226258,5242.88,2048.0
2025-01-16 14:47:59,132.25497714328444,42.890843430711804,83.96380614945699,-2.7220245841179116,-16.497502222652212,0,-2.1103136171082175,358.49783257641434,183.95987408330507,0,344.11849991696863,-1.4335923613483152,1.524485416539679,3.6136074170811594,5242.88,2048.0
2025-01-16 14:47:59,132.81611026820897,43.429222399247365,84.0688834631793,-2.3173427035027863,-16.447796994398367,0,-2.060584877814423,359.49917552216755,184.06974987426048,0,343.5543228582358,-1.4625446888145084,1.5911463103402832,3.5920005159159762,5242.88,2048.0
2025-01-16 14:47:59,133.27757532928877,43.885204881996984,84.09282263205009,-2.1311478119877707,-16.416558287845717,0,-2.1761279630328003,0.2003340770078032,184.04932475196938,0,344.3909669713046,-1.4653444202802048,1.5814217111535822,3.5888880484886863,5242.88,2048.0
2025-01-16 14:47:59,132.38674564866457,43.019500056608265,83.97751362773782,-2.58446629082438,-16.41733619192297,0,-2.060584877814423,358.79816693554784,184.09031635227632,0,343.5543228582358,-1.4759017440563336,1.5468495447762305,3.5826119650229353,5242.88,2048.0
2025-01-16 14:47:59,132.5491594236604,43.179845398273834,83.98608349684787,-2.536441913910536,-16.422916293303985,0,-2.1144947887791092,359.1987126698929,184.05515204506383,0,344.017663321863,-1.4646881039452404,1.5664891644651815,3.5667207250340405,5242.88,2048.0
2025-01-16 14:48:00,132.68964568864286,43.30420835660892,84.06273363112685,-2.398672929690278,-16.489653502458708,0,-2.060584877814423,359.4991755221675,183.9421974938867,0,343.5543228582358,-1.4645084804069395,1.5597083758943113,3.5411393394543125,5242.88,2048.0
2025-01-16 14:48:00,132.89881332524124,43.517733834944984,84.04018194342154,-2.398672929690278,-16.486611086293482,0,-2.2026116456361584,359.4991755221675,183.9247707142287,0,344.3556431232735,-1.4921305044917152,1.54344104291821,3.556448861751859,5242.88,2048.0
2025-01-16 14:48:00,132.97412996983113,43.58194387155631,84.09364562767865,-2.269082779494569,-16.490809257338437,0,-2.1103136171082175,359.89983265534863,183.95226720375288,0,344.11849991696863,-1.519885955839707,1.501499145303898,3.5636670432200073,5242.88,2048.0
2025-01-16 14:48:00,132.16219687878169,42.80368254818758,83.93792096171508,-2.7220245841179116,-16.421016841710735,0,-2.060584877814423,358.49783257641434,184.0452324216147,0,343.5543228582358,-1.5427986673544787,1.5022228667025497,3.611263273927103,5242.88,2048.0
2025-01-16 14:48:00,132.7505852389004,43.3726951214433,84.02579117424425,-2.398672929690278,-16.418704796495206,0,-2.107047086984403,359.4991755221675,184.06085608305654,0,343.72861632650245,-1.552103535382843,1.4744823332778516,3.5937137864382325,5242.88,2048.0
2025-01-16 14:48:01,132.81726896244976,43.42697381889054,84.08544908255874,-2.3173427035027863,-16.487774389469337,0,-2.060584877814423,359.49917552216755,183.93487945703805,0,343.5543228582358,-1.590941466484402,1.4650953682869587,3.5986534009271107,5242.88,2048.0
2025-01-16 14:48:01,133.431316930701,44.03615672513068,84.10570891325011,-2.1311478119877707,-16.487774389469337,0,-2.2860024256187357,0.2003340770078032,183.93487945703805,0,344.62374875117376,-1.5233322225818609,1.4612184102843875,3.6138394300992362,5242.88,2048.0
2025-01-16 14:48:01,132.6832161614986,43.305977847926535,84.02313496146225,-2.455116534159596,-16.453295943141857,0,-2.1144947887791092,359.1987126698929,184.07249687210893,0,344.017663321863,-1.4899200834027186,1.4422919137240502,3.628808430970181,5242.88,2048.0
2025-01-16 14:48:01,132.23314236351493,42.8738572375195,83.94092714717134,-2.7220245841179116,-16.444762707712055,0,-2.107047086984403,358.49783257641434,184.0498667638828,0,343.72861632650245,-1.5032186251924653,1.508889453520224,3.5942292271497704,5242.88,2048.0
2025-01-16 14:48:01,132.32591228417405,42.97231807054597,83.91312215658515,-2.7220245841179116,-16.410083053959873,0,-2.1825478699815277,358.49783257641434,183.22149497418718,0,344.2981770263801,-1.5244845974900756,1.4483243321279664,3.641587383037316,5242.88,2048.0
2025-01-16 14:48:02,132.59775046258684,43.21958487998698,84.02824614633859,-2.455116534159596,-16.446658456229393,0,-2.060584877814423,359.1987126698929,184.06483494910492,0,343.5543228582358,-1.557585149502978,1.4626507593474443,3.611194782948687,5242.88,2048.0
2025-01-16 14:48:02,132.16605068502966,42.80534378710363,83.94830237082736,-2.7220245841179116,-16.444762707712055,0,-2.060584877814423,358.49783257641434,184.0498667638828,0,343.5543228582358,-1.6031107609145023,1.475555777040068,3.5988687388951655,5242.88,2048.0
2025-01-16 14:48:02,132.81800197662054,43.427442310883166,84.0867326874505,-2.3173427035027863,-16.490809257338437,0,-2.060584877814423,359.49917552216755,183.95226720375288,0,343.5543228582358,-1.5777012994635617,1.4376642144908551,3.6477136791025524,5242.88,2048.0
2025-01-16 14:48:02,132.7571332099707,43.37236476019276,84.05900611676414,-2.398672929690278,-16.497502222652212,0,-2.107047086984403,359.4991755221675,183.95987408330507,0,343.72861632650245,-1.6207172988571705,1.4458116354286332,3.6684322577578534,5242.88,2048.0
2025-01-16 14:48:02,132.357912258244,43.00127220843667,83.92726816820073,-2.7220245841179116,-16.444762707712055,0,-2.193006306768617,358.49783257641434,184.0498667638828,0,344.06570939128784,-1.6057380165217001,1.412463490071108,3.72898585858237,5242.88,2048.0
2025-01-16 14:48:03,132.53429344531222,43.16270166079475,83.99711883296965,-2.536441913910536,-16.446658456229393,0,-2.107047086984403,359.1987126698929,184.06483494910492,0,343.72861632650245,-1.6304660492089385,1.4022950987960658,3.702373637006495,5242.88,2048.0
2025-01-16 14:48:03,132.32336221550477,42.96143120435539,83.95270558994784,-2.7220245841179116,-16.490809257338437,0,-2.1610861800951415,358.49783257641434,183.95226720375288,0,344.18949405978947,-1.6689312485702592,1.3694618232922808,3.6870917898826137,5242.88,2048.0
2025-01-16 14:48:03,132.75601794795037,43.37193236196049,84.05570369402109,-2.398672929690278,-16.489680191793177,0,-2.107047086984403,359.4991755221675,183.9498750598243,0,343.72861632650245,-1.6558570237924553,1.3686084564040741,3.6949975095450545,5242.88,2048.0
2025-01-16 14:48:03,132.77265144464928,43.391853024662765,84.03967706338284,-2.398672929690278,-16.453295943141857,0,-2.1144947887791092,359.4991755221675,184.07249687210893,0,344.017663321863,-1.663288143172562,1.360187536286863,3.7146564749543116,5242.88,2048.0
2025-01-16 14:48:03,132.64498736047878,43.26689440127826,84.02753861629837,-2.479030785328333,-16.480530959501387,0,-2.1144947887791092,359.03325174714604,183.9236695245404,0,344.017663321863,-1.672068154356905,1.3788077300740662,3.698096896036903,5242.88,2048.0
2025-01-16 14:48:04,132.45336875927336,43.09220940103119,83.94792801792946,-2.637701956746884,-16.421498733935767,0,-2.1610861800951415,358.6445750696861,184.08173800169652,0,344.18949405978947,-1.6627750193618158,1.3810399046562196,3.6858123434045056,5242.88,2048.0
2025-01-16 14:48:04,133.3391355411977,43.944173561675996,84.10517556441764,-2.114666666666657,-16.444762707712055,0,-2.2026116456361584,4.8358497982108945e-14,184.0498667638828,0,344.3556431232735,-1.6970720859702741,1.3637564615620095,3.6946714196132464,5242.88,2048.0
2025-01-16 14:48:04,133.02587017519647,43.63730183614027,84.0757029134141,-2.223203235118412,-16.41573433073867,0,-2.107047086984403,359.85287249631267,184.04392229070208,0,343.72861632650245,-1.718299332465878,1.3874153594933483,3.6746523521328824,5242.88,2048.0
2025-01-16 14:48:04,133.02866357880447,43.63790812744072,84.08633530535899,-2.223203235118412,-16.441153212570082,0,-2.107047086984403,359.85287249631267,184.0620526474381,0,343.72861632650245,-1.7331696134669619,1.3821023947227178,3.6880626966389207,5242.88,2048.0
2025-01-16 14:48:04,132.66734968597743,43.28239431158757,84.060559302483,-2.413139517766619,-16.494464775649046,0,-2.060584877814423,359.48506646965495,183.94246913,0,343.5543228582358,-1.768097841685099,1.3915657798387704,3.696706994326073,5242.88,2048.0
2025-01-16 14:48:05,132.66250869334016,43.2920652812632,83.99062706232831,-2.49839164092494,-16.422916293303985,0,-2.155802974348111,359.2118649249382,184.05515204506383,0,343.9256186161469,-1.82306709493394,1.352453041950172,3.7088253553405193,5242.88,2048.0
2025-01-16 14:48:05,132.60175205769326,43.23462190434096,83.9752244828241,-2.571973511020658,-16.45140702532589,0,-2.193006306768617,359.0962897253168,184.05756422309213,0,344.06570939128784,-1.802633180399932,1.401466402497827,3.660403830732111,5242.88,2048.0
2025-01-16 14:48:05,132.54442211581588,43.178748293188264,83.96871239838111,-2.571973511020658,-16.422916293303985,0,-2.155802974348111,359.0962897253168,184.05515204506383,0,343.9256186161469,-1.8024542821637084,1.4245293667843397,3.666232931595735,5242.88,2048.0
2025-01-16 14:48:05,132.47419809458773,43.10716978342938,83.97574769962432,-2.571973511020658,-16.421498733935767,0,-2.107047086984403,359.0962897253168,184.08173800169652,0,343.72861632650245,-1.8883522637200258,1.509797101876124,3.653797092819955,5242.88,2048.0
2025-01-16 14:48:05,132.74196436888585,43.35819475608081,84.05427199992376,-2.413139517766619,-16.497502222652212,0,-2.11110073355484,359.48506646965495,183.95987408330507,0,343.8117602437941,-1.8850762662815224,1.5120686661377276,3.666020271941919,5242.88,2048.0
2025-01-16 14:48:06,133.02802492429842,43.63840329383174,84.08081611631994,-2.223203235118412,-16.427855503020666,0,-2.107047086984403,359.85287249631267,184.0875648258558,0,343.72861632650245,-1.8817126412428513,1.5429600715636362,3.7087160973148623,5242.88,2048.0
2025-01-16 14:48:06,132.60919935848884,43.23800497103957,83.99463011221592,-2.49839164092494,-16.416558287845717,0,-2.1144947887791092,359.2118649249382,184.04932475196938,0,344.017663321863,-1.9485603951316295,1.5269184387366344,3.729906896234482,5242.88,2048.0
2025-01-16 14:48:06,132.61012882837574,43.23836243650174,83.99736720056134,-2.49839164092494,-16.422916293303985,0,-2.1144947887791092,359.2118649249382,184.05515204506383,0,344.017663321863,-1.9262793726593936,1.4787428285328548,3.751856543726607,5242.88,2048.0
2025-01-16 14:48:06,132.84446905769698,43.46248856003088,84.0449005723258,-2.339514707523365,-16.422916293303985,0,-2.107047086984403,359.60065950735117,184.05515204506383,0,343.72861632650245,-1.4641583674191063,1.4761821841100757,3.7634212842242545,5242.88,2048.0
2025-01-16 14:48:06,133.54800109897977,44.14362911836064,84.15043727182305,-1.9282518855774866,-16.409375858196782,0,-2.155802974348111,0.7011371268805652,184.03809483600565,0,343.9256186161469,-1.4715730737002297,1.463221642188358,3.787595049989146,5242.88,2048.0
2025-01-16 14:48:07,132.98364940548817,43.59412423661726,84.08061803618574,-2.2525610936907645,-16.447761626128663,0,-2.107047086984403,359.69950041520275,184.06696908799358,0,343.72861632650245,-1.4845674236676623,1.4580560954107635,3.8094132659817608,5242.88,2048.0
2025-01-16 14:48:07,133.31236443094468,43.9202567905736,84.09136391285904,-2.1311478119877707,-16.422916293303985,0,-2.2026116456361584,0.2003340770078032,184.05515204506383,0,344.3556431232735,-1.4597451434973092,1.4741782587720287,3.8061949926842398,5242.88,2048.0
2025-01-16 14:48:07,132.48941974383143,43.12197137947728,83.97763229639826,-2.5615263887564583,-16.418795967080985,0,-2.107047086984403,358.89829388479365,184.0281394073709,0,343.72861632650245,-1.492201505326179,1.4778422082106621,3.8208952918489607,5242.88,2048.0
2025-01-16 14:48:07,132.88933154533487,43.4999060060249,84.08073396643951,-2.3139430937442826,-16.490809257338437,0,-2.107047086984403,359.68519119261083,183.95226720375288,0,343.72861632650245,-1.5034580436008131,1.473702812595135,3.851834410856712,5242.88,2048.0
2025-01-16 14:48:07,133.09869869536598,43.70657695077814,84.092584164636,-2.177230769230779,-16.42430319688014,0,-2.107047086984403,360.0,184.06680125364986,0,343.72861632650245,-1.534498553530907,1.4699416780106933,3.871026603538585,5242.88,2048.0
2025-01-16 14:48:08,133.07302810197467,43.68784589622772,84.05897077410216,-2.2643650813579046,-16.427855503020666,0,-2.1761279630328003,359.84259440832676,184.0875648258558,0,344.3909669713046,-1.51349319203214,1.4185737507761016,3.847090607326463,5242.88,2048.0
2025-01-16 14:48:08,138.52536128200592,49.27428229216882,83.46573541541412,-2.4010393333117643,-16.489680191793177,0,-5.81640143797376,359.5277927285946,183.9498750598243,0,2.3235032976791015,-1.5087106733104212,1.4714113854997064,3.8837412556073274,5242.88,2048.0
2025-01-16 14:48:08,133.23344506086127,43.84128457421486,84.09202783619882,-2.1651566645311022,-16.440845989099827,0,-2.1825478699815277,0.15740559167317464,184.0625849916614,0,344.2981770263801,-1.51601058559568,1.445188544852045,3.870143673092368,5242.88,2048.0
2025-01-16 14:48:08,132.6878104260833,43.30166739600433,84.06617152359026,-2.4010393333117643,-16.499393062773002,0,-2.060584877814423,359.5277927285946,183.97479085451812,0,343.5543228582358,-1.5251011767642657,1.4660134195188557,3.857636380141032,5242.88,2048.0
2025-01-16 14:48:08,133.18410270533917,43.79156547115287,84.09413175289316,-2.177230769230779,-16.446658456229393,0,-2.1610861800951415,360.0,184.06483494910492,0,344.18949405978947,-1.5573974800838328,1.4775677004478385,3.8281087733225196,5242.88,2048.0
2025-01-16 14:48:09,132.88621977822118,43.50213100531877,84.05483245013062,-2.3139430937442826,-16.42867815483836,0,-2.107047086984403,359.68519119261083,184.09296670176838,0,343.72861632650245,-1.5526664414297093,1.4312732741304048,3.8401031693975574,5242.88,2048.0
2025-01-16 14:48:09,133.41318507971715,44.007611505175475,84.15695238914357,-2.0283486941935815,-16.49636375511339,0,-2.1610861800951415,0.47220727140538865,183.95742917572088,0,344.18949405978947,-1.5115920869813182,1.4663794202294078,3.8841043986255115,5242.88,2048.0
2025-01-16 14:48:09,132.92317394123273,43.53810918840869,84.05932441059552,-2.3139430937442826,-16.446583368843307,0,-2.128519603679543,359.68519119261083,184.09765728637967,0,343.97051273130313,-1.528101830009333,1.4746798149319111,3.8976247856089317,5242.88,2048.0
2025-01-16 14:48:09,133.09551613721464,43.699635313720215,84.11097132796387,-2.18928844159707,-16.477483890150488,0,-2.1103136171082175,359.84259440832676,183.9061898743891,0,344.11849991696863,-1.5189835668520637,1.473890161423193,3.8811016584170823,5242.88,2048.0
2025-01-16 14:48:09,132.6803594347697,43.30124679158161,84.03219624035331,-2.4010393333117643,-16.41864689176598,0,-2.060584877814423,359.5277927285946,184.0630234461758,0,343.5543228582358,-1.5084249829154455,1.4375134670460505,3.8631728269853807,5242.88,2048.0
2025-01-16 14:48:10,132.861325579553,43.47946629928418,84.04420110999774,-2.4010393333117643,-16.487774389469337,0,-2.1761279630328003,359.5277927285946,183.93487945703805,0,344.3909669713046,-1.4610379928123427,1.4209468997888899,3.8614579591496443,5242.88,2048.0
2025-01-16 14:48:10,133.10086006326839,43.70643405380637,84.1038248545325,-2.177230769230779,-16.45140702532589,0,-2.107047086984403,360.0,184.05756422309213,0,343.72861632650245,-1.466718917293451,1.4509181688941166,3.852541250363575,5242.88,2048.0
2025-01-16 14:48:10,132.88463807902033,43.500492655150325,84.05511743382365,-2.3139430937442826,-16.42953956542242,0,-2.107047086984403,359.68519119261083,184.02181752917787,0,343.72861632650245,-1.5181964112784598,1.4811287280074514,3.8450291963388135,5242.88,2048.0
2025-01-16 14:48:10,133.1850745240823,43.78881863063585,84.11230451453939,-2.177230769230779,-16.490809257338437,0,-2.1610861800951415,360.0,183.95226720375288,0,344.18949405978947,-1.5120015475586654,1.4562740927433238,3.8644407717326357,5242.88,2048.0
2025-01-16 14:48:10,132.9542902124543,43.572338381951894,84.04404445135366,-2.3139430937442826,-16.42074286581771,0,-2.155802974348111,359.68519119261083,184.04343496702063,0,343.9256186161469,-1.4741323795027892,1.4946927719442893,3.8862799146703324,5242.88,2048.0
2025-01-16 14:48:11,133.4283012974228,44.016907623180494,84.18567008044094,-1.941157523310952,-16.47858848074442,0,-2.081299109004639,0.629598608410227,183.9084735425333,0,343.7931274473948,-1.520027006964696,1.495391297686099,3.905467079195372,5242.88,2048.0
2025-01-16 14:48:11,132.83645200947802,43.45402234107367,84.04712835304915,-2.4010393333117643,-16.489680191793177,0,-2.1610861800951415,359.5277927285946,183.9498750598243,0,344.18949405978947,-1.527196458205061,1.5004892476459484,3.8994582563320335,5242.88,2048.0
2025-01-16 14:48:11,132.95345185549346,43.5723712318261,84.03983566205807,-2.3139430937442826,-16.41077664592892,0,-2.155802974348111,359.68519119261083,184.04981690451447,0,343.9256186161469,-1.5210604865678885,1.5354434355887734,3.896345591108322,5242.88,2048.0
2025-01-16 14:48:11,132.78091771319382,43.404471524566596,84.01861836065203,-2.4010393333117643,-16.41077664592892,0,-2.128519603679543,359.5277927285946,184.04981690451447,0,343.97051273130313,-1.5286919292421324,1.5471251726331585,3.8571093417852125,5242.88,2048.0
2025-01-16 14:48:11,132.68467748918553,43.302521112098795,84.04687394743716,-2.4010393333117643,-16.453295943141857,0,-2.060584877814423,359.5277927285946,184.07249687210893,0,343.5543228582358,-1.538720118398934,1.6031984919445186,3.8744691866772922,5242.88,2048.0
2025-01-16 14:48:12,133.21274145764065,43.82335010955066,84.07864120201158,-2.177230769230779,-16.417129373896444,0,-2.1825478699815277,360.0,184.05561307065102,0,344.2981770263801,-1.555031569386306,1.5604259095300221,3.9058177565436476,5242.88,2048.0
2025-01-16 14:48:12,132.74760943008656,43.36937292861917,84.02748292272396,-2.4010393333117643,-16.42430319688014,0,-2.107047086984403,359.5277927285946,184.06680125364986,0,343.72861632650245,-1.518300021586577,1.545912988695386,3.890452030287459,5242.88,2048.0
2025-01-16 14:48:12,133.4623459153804,44.05072365535144,84.18665095600664,-1.941157523310952,-16.490551302943896,0,-2.107047086984403,0.629598608410227,183.9581022218251,0,343.72861632650245,-1.5618888338832042,1.5209641290256057,3.8631486502858667,5242.88,2048.0
2025-01-16 14:48:12,132.74773512938452,43.36918285958965,84.02900539872617,-2.4010393333117643,-16.427917428481223,0,-2.107047086984403,359.5277927285946,184.05462348719342,0,343.72861632650245,-1.5959214779075364,1.5439748372011481,3.852602695472383,5242.88,2048.0
2025-01-16 14:48:12,132.8994671632813,43.50643566866874,84.09824634773682,-2.2643650813579046,-16.481912408520422,0,-2.060584877814423,359.84259440832676,183.93271976871088,0,343.5543228582358,-1.6437102777903816,1.537184270592952,3.8284834423320135,5242.88,2048.0
2025-01-16 14:48:13,133.10061455390164,43.70658988490802,84.10186475388335,-2.177230769230779,-16.446658456229393,0,-2.107047086984403,360.0,184.06483494910492,0,343.72861632650245,-1.6375957064592703,1.5720165495107157,3.8268657523439282,5242.88,2048.0
2025-01-16 14:48:13,133.29669889204968,43.89015301334288,84.16231275269344,-2.0283486941935815,-16.48135988185455,0,-2.081299109004639,0.47220727140538865,183.92909969460368,0,343.7931274473948,-1.6344347310976721,1.5578070706446623,3.8207674555378257,5242.88,2048.0
2025-01-16 14:48:13,133.11199648346712,43.727514091667395,84.05534963364383,-2.2643650813579046,-16.431411087299008,0,-2.207898204706175,359.84259440832676,184.03154374341892,0,344.307968116668,-1.5954784060617035,1.572493232989034,3.8314835465409525,5242.88,2048.0
2025-01-16 14:48:13,133.21494969430876,43.82344979755398,84.08890375728461,-2.177230769230779,-16.441704846658947,0,-2.1825478699815277,360.0,184.0656677221428,0,344.2981770263801,-1.6419737523931182,1.5410509160273813,3.855487896049311,5242.88,2048.0
2025-01-16 14:48:13,132.9731334628674,43.58520255751613,84.07292695168415,-2.3139430937442826,-16.490809257338437,0,-2.1610861800951415,359.68519119261083,183.95226720375288,0,344.18949405978947,-1.718487399006669,1.5318285867821122,3.8520024226094174,5242.88,2048.0
2025-01-16 14:48:14,133.07221187562254,43.68637511333411,84.06215211866433,-2.2643650813579046,-16.435592317011324,0,-2.1761279630328003,359.84259440832676,184.02311606674996,0,344.3909669713046,-1.737384543164137,1.5405295445717877,3.835952575425171,5242.88,2048.0
2025-01-16 14:48:14,132.88292638513872,43.50053528130963,84.04663144170304,-2.3139430937442826,-16.409375858196782,0,-2.107047086984403,359.68519119261083,184.03809483600565,0,343.72861632650245,-1.753905553235404,1.5792051076706075,3.8327789622772896,5242.88,2048.0
2025-01-16 14:48:14,132.96437299304822,43.5735880876035,84.0868741979597,-2.2643650813579046,-16.471280578351156,0,-2.107047086984403,359.84259440832676,183.93306435249184,0,343.72861632650245,-1.7398595729129522,1.5907098744478787,3.8449613859999427,5242.88,2048.0
2025-01-16 14:48:14,132.71641567610178,43.33365671832825,84.0495600097405,-2.4010393333117643,-16.467072481713625,0,-2.081299109004639,359.5277927285946,183.9055238501165,0,343.7931274473948,-1.7910470211961407,1.573789252925368,3.855102018673017,5242.88,2048.0
2025-01-16 14:48:14,139.22969312412025,49.983546148541706,83.45630031911826,-2.2643650813579046,-16.48494437977345,0,-6.1472360408526265,359.84259440832676,183.95008790982823,0,2.152307652821868,-1.8155492777497326,1.548216669304583,3.879653674937402,5242.88,2048.0
2025-01-16 14:48:15,132.82938704864046,43.447662301761234,84.04376522436533,-2.4010393333117643,-16.479057990260916,0,-2.154683017863369,359.5277927285946,183.95027083829893,0,344.28226824996096,-1.8108824954870617,1.560885786536898,3.9348623074102194,5242.88,2048.0
2025-01-16 14:48:15,137.86966003221926,48.6031928426489,83.52407862185443,-2.4010393333117643,-16.477413804816088,0,-5.42415294800298,359.5277927285946,183.94199235746925,0,0.40667742183159855,-1.8447028058904344,1.5470693474688533,3.936336276877033,5242.88,2048.0
2025-01-16 14:48:15,133.10078936763634,43.70376764345624,84.11652712135594,-2.177230769230779,-16.482445303537347,0,-2.107047086984403,360.0,183.93870785402422,0,343.72861632650245,-1.8600115476128327,1.555544936256456,3.891262258991956,5242.88,2048.0
2025-01-16 14:48:15,132.97180852020566,43.584650492908324,84.06917857914544,-2.3139430937442826,-16.481912408520422,0,-2.1610861800951415,359.68519119261083,183.93271976871088,0,344.18949405978947,-1.8899583367355526,1.5908996214028457,3.850454486490222,5242.88,2048.0
2025-01-16 14:48:15,133.0016480422599,43.62977238857903,83.99518549017137,-2.4010393333117643,-16.409375858196782,0,-2.2783618365259595,359.5277927285946,184.03809483600565,0,344.7521031505462,-1.906210862006903,1.57711791923018,3.8539502436150284,5242.88,2048.0
2025-01-16 14:48:16,133.18655997659377,43.78599687724572,84.13342080647111,-2.0779906114157596,-16.437785643267773,0,-2.060584877814423,0.3148088073891173,184.03746501054889,0,343.5543228582358,-1.8532103176699872,1.6027017107081694,3.898857797447978,5242.88,2048.0
2025-01-16 14:48:16,133.06864048666628,43.670492046619806,84.12223569958223,-2.177230769230779,-16.486611086293482,0,-2.081299109004639,360.0,183.9247707142287,0,343.7931274473948,-1.8732938968134825,1.5747571346776998,3.8868718903665487,5242.88,2048.0
2025-01-16 14:48:16,133.11569385367142,43.718211574374315,84.11869829341832,-2.177230769230779,-16.487774389469337,0,-2.1103136171082175,360.0,183.93487945703805,0,344.11849991696863,-1.8974861250579438,1.6096635285223622,3.9273711111709524,5242.88,2048.0
2025-01-16 14:48:16,133.25011995304052,43.853266985730066,84.11488149267161,-2.0779906114157596,-16.409375858196782,0,-2.107047086984403,0.3148088073891173,184.03809483600565,0,343.72861632650245,-1.9196436977387012,1.573136293451194,3.9808441242735055,5242.88,2048.0
2025-01-16 14:48:16,133.2041603465655,43.80701438427103,84.11656032698824,-2.1651566645311022,-16.492706926001073,0,-2.1610861800951415,0.15740559167317464,183.96721955701452,0,344.18949405978947,-1.9253814606994704,1.4998910874081834,3.968880592739325,5242.88,2048.0
2025-01-16 14:48:17,133.1011409776796,43.703953201061715,84.11733857761803,-2.177230769230779,-16.484392063266892,0,-2.107047086984403,360.0,183.94646943425795,0,343.72861632650245,-1.9425970801142878,1.4510644897976803,3.944701201806558,5242.88,2048.0
2025-01-16 14:48:17,133.70003199005748,44.29863233625031,84.13521623877237,-1.941157523310952,-16.421498733935767,0,-2.2714175538574763,0.629598608410227,184.08173800169652,0,344.61952332680016,-1.957489279681544,1.3942195405303872,3.9596344644240915,5242.88,2048.0
2025-01-16 14:48:17,133.13390398595791,43.74149975510223,84.0937615328538,-2.177230769230779,-16.434411914552104,0,-2.128519603679543,360.0,184.04864753906915,0,343.97051273130313,-1.9040797000623475,1.35212002291924,3.928587571901236,5242.88,2048.0
2025-01-16 14:48:17,133.10080311516654,43.703715766530735,84.11684851843223,-2.177230769230779,-16.483230602777287,0,-2.107047086984403,360.0,183.93636840418506,0,343.72861632650245,-1.9213658500264255,1.3324330187934845,3.9691983838117926,5242.88,2048.0
2025-01-16 14:48:17,133.08437125062017,43.701295564528515,84.04869259382535,-2.2643650813579046,-16.41077664592892,0,-2.193006306768617,359.84259440832676,184.04981690451447,0,344.06570939128784,-1.9166983352545202,1.3540801145465207,3.994495715476191,5242.88,2048.0
2025-01-16 14:48:18,133.0009018599033,43.60951773323729,84.08956871134748,-2.2643650813579046,-16.48494437977345,0,-2.128519603679543,359.84259440832676,183.95008790982823,0,343.97051273130313,-1.885720232315701,1.3732797638331544,3.978960473992459,5242.88,2048.0
